Time_s,Min_h,Max_h,Min_h_dot,Max_h_dot
0,-0.401268399313881,0.401063447451592,-0.402841394971399,0.417606080359534
0.00323054094461334,-0.402434569648126,0.402231899936066,-0.39105574407677,0.43618800341505
0.00639103953358883,-0.403513900678303,0.403388629239665,-0.378446441865387,0.454302762146321
0.00949034945736034,-0.404512498744307,0.404536826099311,-0.366843159762358,0.472047383197111
0.0125354598228707,-0.40543557610599,0.405678911081298,-0.35426104579593,0.489459089313029
0.0155325823208018,-0.406287864508903,0.406817046106712,-0.342215574083296,0.5065784468853
0.018488137728364,-0.40707316919643,0.408085268255706,-0.330959097756781,0.523435508463878
0.0214071317461384,-0.407794614630224,0.409352820371854,-0.31856414108243,0.540057044135552
0.0242934791056415,-0.40845485269147,0.410626493961818,-0.306558154620719,0.556466861293268
0.0271504137306928,-0.409056212320912,0.411908519256288,-0.294896778543781,0.572686158609698
0.0299808640255451,-0.409600735911474,0.413201125402326,-0.283538373011793,0.588733899498756
0.0327874806060282,-0.410137242195197,0.414505265174267,-0.27244748347738,0.604627112847677
0.0355726707506703,-0.410620994993644,0.41582292823405,-0.2615915757897,0.620379358815772
0.038338754308601,-0.411051659785057,0.417155947311545,-0.250956218990288,0.636004471321143
0.0410875812358145,-0.411430606128786,0.418506075762854,-0.240523833751644,0.65151484662377
0.0438210853173094,-0.411759021219582,0.419873626093601,-0.230576653415351,0.666909977836386
0.0465410365286554,-0.41203755344393,0.42126030984549,-0.219377928353158,0.682200488063684
0.0492472312576299,-0.41226734715791,0.422667715353241,-0.208348418144793,0.697395955224984
0.0519412070545057,-0.412449333924805,0.424097379172971,-0.197471681817393,0.712505002933185
0.0546243833220558,-0.412584206105383,0.425550820755437,-0.186732965374921,0.727541159456847
0.0572980699968743,-0.412672615772175,0.427029496570918,-0.176119217119907,0.742491799066273
0.0599634756007797,-0.412715123073897,0.428534746518555,-0.165617229278549,0.757364446406003
0.0626217147446296,-0.412711731071258,0.430067932138467,-0.155224437487266,0.772165431453211
0.0652715290092654,-0.412663392431718,0.43163041199018,-0.144931223785477,0.786900481091789
0.0679139367143117,-0.412514780046638,0.433223548471692,-0.13472894179886,0.801574836176863
0.0702863259271948,-0.412393218780105,0.434667762486845,-0.124609786961774,0.814655730849269
0.0726526093673264,-0.412236314074701,0.436156507995828,-0.114566874727599,0.827758742566269
0.0750136151479641,-0.412044316569122,0.437673934274264,-0.104593842820637,0.840808880638333
0.0773701088860947,-0.411817170266383,0.439221047323138,-0.0946849513016134,0.853810353296427
0.0797215571491321,-0.411555465039858,0.440797874087799,-0.084835001543082,0.866766659866318
0.0820686650228099,-0.41125938367072,0.44240548003405,-0.0750392818728422,0.879680991115705
0.0844120851712089,-0.410929076423943,0.444044800882368,-0.0652934705111882,0.892556191429264
0.0867524268004978,-0.410564662928723,0.445716743768167,-0.0555938652184818,0.905394858494498
0.0890902604171211,-0.410166230529994,0.447422191834667,-0.0459369476498738,0.918199226441557
0.0914261023929194,-0.40973385148745,0.449162002429595,-0.0363195053398683,0.930971385110323
0.0937604516321797,-0.409267569285736,0.450936999115663,-0.0267384418043997,0.943713224709941
0.0960937779284437,-0.408767405247709,0.452747966986377,-0.0171908345054554,0.956426440352349
0.0984265223261838,-0.408233361486767,0.454595679745169,-0.00767482777309897,0.969112533878685
0.100759101430317,-0.407665421104924,0.456480937980331,0.00181101989897037,0.981772815458489
0.103091907658023,-0.40706355099004,0.458183851080346,0.0112678371779468,0.994408381991463
0.105425313452454,-0.406427700887945,0.459946861056985,0.0206966753055134,1.0070200498107
0.107759667451124,-0.405757809525893,0.461743716208662,0.0300979607419876,1.01960835089512
0.110095306642822,-0.405053798365999,0.463575086961656,0.0394690442537431,1.03217397992852
0.112432548476958,-0.404265112298148,0.465442246761427,0.0488091900267546,1.04471747622027
0.114537755038652,-0.403571119898007,0.467345864978461,0.0581263078715179,1.0572392809974
0.116644095338049,-0.402849470065882,0.46928667800283,0.0674339657123164,1.06973971157447
0.118751841168668,-0.402100071765304,0.471265462455604,0.0770573976915644,1.08221898575588
0.120861250359573,-0.401322825912986,0.473283019922032,0.0854458791609909,1.09467722016709
0.122972566833168,-0.400517624734676,0.475340187311292,0.0938438806056513,1.10711443009978
0.125086013397188,-0.39968436029491,0.477437837213468,0.102253953325941,1.1195305521422
0.127201806250981,-0.398822915984324,0.479576875704204,0.110678697082128,1.13192541938431
0.129320151391286,-0.397933169295513,0.481758244703446,0.119120540545421,1.14296114620714
0.131441244625094,-0.397015071594505,0.483982927991997,0.127581405678484,1.15407744292594
0.13356563568214,-0.396068244850858,0.485985077027171,0.136063071879495,1.16517730007727
0.135693490147191,-0.395092545063253,0.488064731754158,0.144566938195786,1.17626037115336
0.137824970732946,-0.394087821081907,0.490184099111429,0.153090884463259,1.1873262651896
0.139960233634839,-0.39305391829875,0.492344017561543,0.161638947803309,1.19837454490321
0.142099432181463,-0.391990676566951,0.494545357650845,0.170210540177001,1.20940400955838
0.144242716841797,-0.390897931207005,0.49678934165644,0.178806201106316,1.22041340263357
0.146390238909271,-0.389775508860839,0.499076861682118,0.187425877731893,1.23140143940084
0.148542143160743,-0.388623234648419,0.501408768799844,0.196386544741253,1.24236698422232
0.150698575215969,-0.387440926119319,0.503786125584868,0.204198952784788,1.25330871541388
0.152859677865259,-0.386228352840386,0.506210032529455,0.2120381631674,1.2642276772088
0.155025379609476,-0.384938087734913,0.508681595724942,0.219904364685324,1.27511932059572
0.156978739475152,-0.383793179760335,0.511202337587544,0.227794747854341,1.28598280985421
0.158935840540912,-0.382623555704411,0.513465432747996,0.235708223169305,1.29681716775186
0.160896819316226,-0.381429054803639,0.515823015112068,0.243643216697061,1.30762125017158
0.162861809718328,-0.380209512086117,0.518220900242393,0.251600809905308,1.3183941306842
0.164830941386575,-0.378964761087311,0.520661460094719,0.259579918505322,1.32913662743713
0.166804344737377,-0.377694632706416,0.523146138473181,0.26758212245197,1.33984736870458
0.168782164540246,-0.37639893646488,0.525676361270963,0.275616384058689,1.35052514152939
0.170764529509492,-0.375077521613222,0.528253670809682,0.283635146643554,1.36116866771367
0.172751712117757,-0.373730039503419,0.530879878300485,0.291641015028662,1.37177655254012
0.174743696783298,-0.372356398355941,0.53355663205961,0.299636396651947,1.38234727878197
0.176740491690893,-0.37095648975742,0.536285580054033,0.307623594816545,1.39287966863412
0.17874212216721,-0.369530189888799,0.539068508896498,0.315604562580035,1.40337262694263
0.180748613666484,-0.368077373878096,0.541907278084286,0.323580861263861,1.41382988009419
0.182759988326976,-0.366597923689352,0.544803848436282,0.331554161264161,1.42426218142333
0.184776285654772,-0.365091712970503,0.547760234873705,0.339525656926958,1.43467930689429
0.186797583460551,-0.363558572864106,0.550778572684996,0.347498540690161,1.44508921875586
0.188823942722675,-0.361995472139459,0.553861146689535,0.355474000828117,1.45542853384065
0.190842307480221,-0.360415689968789,0.557010270977056,0.363756731445071,1.46571358678553
0.192853866500966,-0.358818656801861,0.559833623231176,0.370949223152471,1.47595077314459
0.1948600101489,-0.357203446499882,0.562791918991011,0.37815214388725,1.48614561785975
0.196861698318808,-0.355569450966703,0.565815447731703,0.385365666353147,1.49630262571585
0.198859588615586,-0.353916371989197,0.568906365180308,0.392590238485836,1.50642521343389
0.2008545044913,-0.352243678556133,0.572066986156732,0.399826107888028,1.51651638933236
0.202847145547724,-0.350550936755089,0.575297291572253,0.407073434118819,1.52657843823176
0.204838215600842,-0.348837665612832,0.578588720528582,0.414332258234437,1.53661299250503
0.20682836528991,-0.347103400898733,0.581519885765964,0.421602774656428,1.54662113549638
0.208818196312393,-0.345347695250462,0.584572289147975,0.428884922119213,1.55660341691024
0.210808268905815,-0.343570111363909,0.587661938874292,0.436179992236888,1.56656006623083
0.212799095527407,-0.341770233873118,0.590784022525848,0.443488271465642,1.57649306866829
0.214791151492639,-0.339947661558523,0.593934189572052,0.450810138125267,1.58640192475238
0.216784882107428,-0.338102005796666,0.59710842966039,0.458145559048227,1.59628608443351
0.218780723432699,-0.336232936859799,0.600303119090008,0.465494550210742,1.60614493116744
0.220779421164256,-0.334339657938885,0.60351307826534,0.472856969160021,1.6159779731799
0.222781315627347,-0.332421812596246,0.606735745789123,0.480232597711917,1.62578425476839
0.224786717781533,-0.330479062274106,0.609968533592527,0.487621263587092,1.63441160060822
0.22679592294302,-0.328511071630036,0.613209209416645,0.495022620767008,1.643194724091
0.22880921079707,-0.326517506529732,0.616459389239178,0.502437351183377,1.65196043693516
0.230826831562326,-0.324498029728449,0.619712823136379,0.509865446868502,1.66070783439326
0.232848901931635,-0.322452487435227,0.622972334381337,0.517309997347768,1.66943575650262
0.234875671224884,-0.320380551308856,0.626232258574417,0.524759183932956,1.67814459066468
0.236907359112322,-0.318281919130654,0.629496950827971,0.53249569985519,1.68683299079489
0.238944155399261,-0.316156515706231,0.632760848763919,0.539216438184571,1.69549980823285
0.240987181286507,-0.314003148587578,0.636027550466554,0.545951353937783,1.70414381675745
0.243037883211625,-0.311820300739119,0.639292013438103,0.552700253724663,1.71276333694414
0.245098352889167,-0.309605310422198,0.642557974958716,0.559463031652158,1.72135683411582
0.247169478657459,-0.307357213174105,0.645824459487923,0.566239493902634,1.72992492433599
0.249253228390178,-0.305073575473131,0.649087222067714,0.573029395276249,1.73846104942453
0.251351471106882,-0.302751956769205,0.652350373889956,0.579832807786492,1.74696454948316
0.253465805988679,-0.300390027140331,0.655613148866581,0.58664976817979,1.75543407577178
0.25559700613192,-0.297986407060743,0.65887521313065,0.593480012933487,1.76386825671611
0.257745396303782,-0.295540302664793,0.662136349285361,0.600323068331191,1.7722649101026
0.259911351186361,-0.293050831257972,0.665395119959915,0.607178380856857,1.78060885005421
0.262095204007927,-0.290517131240975,0.668651843957169,0.614045387317368,1.78890287730008
0.26429718139002,-0.287938482008921,0.67190644228554,0.620923440820951,1.7971465089762
0.266517535813233,-0.285314124424208,0.675159093974941,0.627809096531595,1.80430759735553
0.268756542614535,-0.282641785342538,0.678410008248435,0.634949713135774,1.81164963723639
0.271007224931287,-0.279931030345661,0.681659364611934,0.64115911803977,1.81895738714227
0.273270474310319,-0.277180523261094,0.68490751174,0.647362846606348,1.82622941229689
0.275547172913065,-0.274388894493384,0.688154461457711,0.653544447608775,1.83346412631461
0.277838143221043,-0.271554835333053,0.691400489223114,0.659688986764561,1.84065979801154
0.28014425337463,-0.268676968684252,0.694645829094085,0.665783080628706,1.84781451541535
0.28246652184379,-0.265753632197577,0.697890752746942,0.671814860121244,1.8549262178405
0.284805807309558,-0.262783362832563,0.701135348600921,0.67777429737581,1.86199231487872
0.28716298539467,-0.259764642360654,0.704840072693376,0.683652744359825,1.86900997068295
0.289538945579143,-0.256695900611736,0.708435123683203,0.689442224420761,1.8759765217259
0.291934587983074,-0.253575520451689,0.712026593006907,0.695336495008701,1.88288930195251
0.294350828219895,-0.250401825172493,0.715615094446767,0.700182772599696,1.88974506268745
0.296788573394852,-0.247173118723134,0.719201189988616,0.705883117598005,1.89654044145976
0.2992487430375,-0.243887658530896,0.72278381295068,0.710564221212271,1.90327176477499
0.301732290926809,-0.240496520904633,0.726362115998008,0.715863590945037,1.90993507903045
0.303989522478293,-0.237433760005227,0.72993521501386,0.721052204346249,1.91652608204665
0.306269292634577,-0.234317680298374,0.733502554149927,0.726121082799604,1.92304281018929
0.308572319544196,-0.23114678774435,0.737063543668203,0.731075399043626,1.92857606102281
0.310899366260859,-0.227919498389446,0.740617679530802,0.735915010935309,1.93428942125446
0.31325122257965,-0.224634175725507,0.744164735996727,0.740639775383349,1.93989732421288
0.315628762627509,-0.221289019608205,0.7477041650278,0.745249576939687,1.9453811800323
0.318032846433835,-0.217882222808723,0.751236222273729,0.749744698831524,1.95072495422092
0.320464331599348,-0.214411976556036,0.754760763881547,0.75412616049879,1.95514622513329
0.322924206615507,-0.210876226304217,0.758277400671859,0.758394964170499,1.95969080379367
0.325413436358518,-0.207272932589355,0.761785616570798,0.762552014768397,1.96409649432251
0.327933041998959,-0.203599962123081,0.765284743561294,0.766598350746232,1.96835669557413
0.330484220323032,-0.199854841837372,0.768774634382288,0.770535118785268,1.97246621501689
0.333068076422668,-0.196035224556605,0.772763988076692,0.774363554463443,1.97641637459978
0.335685796202618,-0.192138605539299,0.776617694534367,0.778084917608712,1.98020430822708
0.33833864580718,-0.188162319737124,0.78045999330047,0.781700915216182,1.98383086775917
0.341027971031223,-0.184103538381928,0.784289589733484,0.785213034440993,1.98730068416866
0.343755192089915,-0.179959276574334,0.788105218496697,0.788622670040128,1.99060671196569
0.346521816750979,-0.175726367258626,0.791907118218671,0.79193102392237,1.99375647510927
0.349329440160772,-0.171401457246583,0.795695232673705,0.79513924552674,1.99674444758398
0.352179744653708,-0.166980606558493,0.799461323295972,0.798130935735564,1.99957865628474
0.355072082450349,-0.162464321276126,0.803208549134879,0.801470621218483,2.00225460906162
0.358008751592898,-0.157848038667062,0.806937268353534,0.802990869789195,2.00478049821991
0.360992085044872,-0.153127076457957,0.810643013071509,0.800028808439839,2.00715245085485
0.364024545045978,-0.148296479073797,0.814329883408197,0.797015106898275,2.0093783930879
0.367108809360024,-0.143304119468412,0.81799523583742,0.793954526416342,2.01145844007597
0.369933773497231,-0.138746479452432,0.82164255779755,0.79084544953453,2.01339460935463
0.372810280265953,-0.134078187176025,0.825266703083842,0.787693048209301,2.01518895344981
0.375740736624467,-0.129294223512634,0.828871766171345,0.784453731469424,2.01684383550245
0.378727688701387,-0.124389274600288,0.832456798559579,0.781080120172466,2.01836166022266
0.381773892086068,-0.119357612476681,0.836017267690113,0.777668476394671,2.01974468648875
0.384882341875456,-0.114192141238137,0.839559404574313,0.77421595896873,2.02136152916706
0.38804968369972,-0.108896650754768,0.843081246477289,0.77072492457786,2.02258690397206
0.391268072969878,-0.103440345443512,0.846578435191441,0.76720037316577,2.02365443774631
0.394203848076803,-0.0984751369301068,0.850582572792699,0.763124180031208,2.02456644036763
0.397172293458601,-0.093428234770591,0.854418864694577,0.759113949592564,2.02532560623867
0.400167907559856,-0.0883088108969278,0.858225906600706,0.755064961607499,2.02593431434686
0.403185663029948,-0.0831254291248207,0.862003880280638,0.750941416253359,2.02639492329228
0.406221024970757,-0.077885984761465,0.865752075790482,0.746762360415981,2.02670953583401
0.40926994329995,-0.0725976847899771,0.869470384760284,0.742550752707338,2.02688026503615
0.412328788722712,-0.0672671474297291,0.873158287832846,0.738307063281732,2.02690859432905
0.415394390538797,-0.0619003050022864,0.876815253265807,0.734034409858487,2.02678729925278
0.418464000883257,-0.0565024481002035,0.880440694469031,0.729734598537326,2.02652376132069
0.421535295951335,-0.051078490007031,0.884034477473537,0.725409002865091,2.02612535238725
0.424609046412877,-0.0456266685594619,0.887596367710146,0.721063675509184,2.02559501886964
0.427677962187532,-0.0401614402248225,0.89166513193738,0.716010558142761,2.02493565268207
0.430743478546531,-0.0346803175414275,0.895534314888988,0.711078626250953,2.02416372994271
0.433801747246222,-0.029191430608426,0.899360505234945,0.706126639210676,2.02336611632065
0.436854612375337,-0.0236916016051336,0.903146874849704,0.701153561994782,2.02244509888226
0.439898745225265,-0.0181880514483566,0.906892588984646,0.69616186627615,2.02140309517056
0.442936334171978,-0.0126772502442979,0.910597484528925,0.691152956944717,2.02024230093622
0.445967189922443,-0.00716017161629184,0.914261836225314,0.686127998986543,2.0190914305965
0.448991020435918,-0.00163799091293282,0.917886194240301,0.681042760290954,2.01754154593146
0.452007623984777,0.00388830036297458,0.921469229633008,0.675934451228487,2.01585153825212
0.45501672785427,0.00941754768350445,0.925572407539577,0.670062341447646,2.01544066534857
0.458018417840699,0.0149492964991847,0.929460423660058,0.664349110191983,2.01586132631684
0.461012774043429,0.0204830796914718,0.933301482709902,0.658622475852123,2.01612006838258
0.464000030266923,0.026018734397747,0.937096016318424,0.652872775897637,2.0162194182545
0.466980500768068,0.03155626527261,0.940844369004233,0.647074824965808,2.01616965443633
0.469954543754236,0.0370957663489587,0.944546435236894,0.641268040345443,2.01597941957033
0.472922668299109,0.0426376506498736,0.948202470224291,0.635454202268612,2.01563875624075
0.475885268314835,0.0481821231264138,0.951812908908242,0.629634189473455,2.01514925354449
0.478842745678424,0.0537057494422028,0.955953994443266,0.622943993925985,2.01574443189286
0.48212357835552,0.05987415269235,0.959862378600884,0.616448866534444,2.01620280676404
0.485399982777071,0.0660483361909366,0.963718663312412,0.609900847613837,2.01651035821853
0.48867186368227,0.0722273315660851,0.967523044333146,0.603326698614918,2.01670226774164
0.491939654174682,0.0784113978911186,0.971272148138737,0.596755670181452,2.01673366893156
0.495203768864019,0.0846006945065479,0.974960009364047,0.590197445267955,2.01662165681007
0.498464262314058,0.0907924641222843,0.979186674875406,0.582674167027261,2.0178599805565
0.501720506080337,0.0969852420493372,0.983152480832238,0.575386044144327,2.0200718042813
0.504971985858539,0.103179378397482,0.987053241444557,0.568050934910457,2.02211753052748
0.508219199793606,0.109375222153983,0.990889404448657,0.56072535876428,2.02399972407391
0.511462571548107,0.115573008806944,0.994662135109085,0.55340979904047,2.02571063640217
0.51470256778038,0.121773431363051,0.99837278028403,0.546104309093182,2.02725790909112
0.517933730294135,0.127965094552186,1.00263269882934,0.537721368634316,2.02866819068604
0.521156965092781,0.1341491117792,1.0066132004352,0.529565825487586,2.03001736264468
0.524373221179379,0.14032677301698,1.0105230971136,0.521401062083122,2.03121277616918
0.527583413598053,0.146499276721225,1.01436377090954,0.51324619484496,2.03225746257393
0.530788567742283,0.152668070338444,1.01813601169576,0.505081114322817,2.03315410307448
0.533989505817186,0.158834166013188,1.02247297461898,0.495703218336931,2.03393281862573
0.53718716198546,0.164998789735188,1.0265069799671,0.486633159658094,2.03459711255036
0.540383581572336,0.171165514220634,1.03046262208847,0.477571179174141,2.03511969747564
0.543579516777468,0.177335390834863,1.03434160440219,0.468443168642419,2.03550123895901
0.54677428190096,0.183506552128238,1.03814459902135,0.459325589553879,2.03574437051294
0.549968595798489,0.189679928720445,1.04251423338736,0.448874416423793,2.03585083617888
0.553163061708142,0.195856226014268,1.04654833688642,0.43878466842371,2.03582240528488
0.556358359611507,0.202036318928434,1.05048998098113,0.428658563363585,2.03566051306679
0.559554983383592,0.208220715636642,1.05433997973005,0.418527102767891,2.03536670380305
0.562753493286131,0.214410069185197,1.05841649010717,0.408360909547179,2.03494224914928
0.565954302227475,0.220604740092815,1.0627313259827,0.396775039015572,2.03438854403692
0.569157911864432,0.226787468294761,1.06667425911708,0.385551629687519,2.03392981940413
0.572721014352251,0.23368379675931,1.07120527634314,0.372664269618014,2.03308895830383
0.576288837056503,0.240588700277487,1.07532301240296,0.360247144825407,2.03209108799056
0.579861514846335,0.247501766009577,1.07930733572351,0.347817347643388,2.03098890912218
0.583439134056338,0.254422603910043,1.08317779783052,0.335372367445306,2.02973485290285
0.58702168923828,0.26135071924064,1.08692209380604,0.322962548521471,2.02833274536478
0.590609347098678,0.268285846973566,1.09198501710037,0.31060557754641,2.02679837683481
0.594202102588094,0.275227432775598,1.09906157618451,0.298258447693029,2.02511336460782
0.597799932112778,0.28217492439538,1.1067750450665,0.28412792568218,2.02327722197266
0.601402299343404,0.28912707116948,1.11413266235285,0.27060502325895,2.02130356471524
0.605001987239196,0.296069213679603,1.12123981471775,0.25706173768057,2.01923209928775
0.608594604329287,0.302991996348867,1.12808983180253,0.243640494844219,2.01708410107478
0.6121823353346,0.309898834480618,1.13466851506396,0.230373100320448,2.01504925198332
0.615763985944433,0.316787419331283,1.1409931378879,0.21716527681722,2.01297477425154
0.619337900271474,0.323654222150208,1.14705924947337,0.204089990508139,2.01076574280524
0.622903868029784,0.330498465371937,1.1528526748999,0.191218820266273,2.00842441958054
0.626460229627809,0.337316536144961,1.15837719147455,0.178560413899711,2.00595497842672
0.630005515242719,0.344105217082051,1.16363754915876,0.166093759413611,2.00336127871325
0.633538402217112,0.350861604930784,1.168632429997,0.153777272029967,2.00064724841845
0.637057666409844,0.357582985891201,1.17337049649679,0.141698910438888,1.99783073616419
0.640562387714246,0.364267203773219,1.17786054359181,0.129862079740069,1.99495508221453
0.644051826065229,0.370912652569205,1.1821024045147,0.11816971158836,1.99197068509639
0.647525281384504,0.37751772779347,1.18609968648602,0.106728263034285,1.98888157808815
0.650982105408459,0.384080945191724,1.18985113301905,0.0955648247654192,1.98569180017571
0.654421766564342,0.39060107296232,1.19336667298292,0.0845711931531086,1.98240512810185
0.65784369465725,0.397076807559404,1.19670224637143,0.0738409653374733,1.97902577703038
0.661247769640781,0.403507732384097,1.19984842662906,0.0633671861934922,1.97557171755993
0.664633441876339,0.409876034969178,1.20277682525144,0.0531559202833224,1.97223181504345
0.668374627161005,0.41691789191275,1.20549554270346,0.0431137635174658,1.96823140372908
0.672095818445984,0.423907703139335,1.2083758890096,0.031685795219528,1.96412903093899
0.6757964710246,0.430844250516541,1.21091601581274,0.0210850243035469,1.95992944689427
0.679476298044745,0.437726842599266,1.21321846759497,0.010784663653259,1.95563688026906
0.68313489872199,0.444554583951255,1.21529028160124,0.000771806059062907,1.95125580834536
0.686772112878038,0.451327069344082,1.21713567270127,-0.00894044183094259,1.94678452736684
0.690387846999581,0.458044344700055,1.21876397701367,-0.018370479074606,1.94222973817668
0.693975412852476,0.46469365514829,1.22018167893264,-0.027496381432545,1.93760671015897
0.697535288536306,0.471258729335352,1.22139347947203,-0.0362891182086552,1.93312492707439
0.701460760511773,0.478498225278878,1.22240855737043,-0.0447631208280636,1.92791604486641
0.705358380315389,0.485666641090711,1.22323719437555,-0.0529436378119069,1.92262903078438
0.709229161831396,0.492765816619874,1.22404245826201,-0.062277617004056,1.91726768913748
0.713074632079911,0.499798553653734,1.22453498973774,-0.0706647661899657,1.91183247130739
0.716896342822107,0.506767733676124,1.22482691264519,-0.0789444763031144,1.90632803689408
0.720694775438216,0.513674164464493,1.22491862092924,-0.0869040620417667,1.9007567074666
0.724471930041722,0.520521479735952,1.22481803655689,-0.0945147406039936,1.89511964362297
0.728229799679139,0.527313260108601,1.22459057628043,-0.103191146886793,1.88941745004374
0.731970624482627,0.534053511458144,1.22410760895186,-0.110862220706432,1.88364972111562
0.735696684355758,0.540746288152911,1.22351421170443,-0.118132016121676,1.87781551208305
0.739410014002853,0.54737755323868,1.22271152703383,-0.125003967114,1.87211851968399
0.743524035073667,0.554718825008866,1.22219455094317,-0.131505881974773,1.86555177283778
0.747629177015943,0.562017791951713,1.22194203349153,-0.13765430090142,1.85889394199868
0.751726826100131,0.569276667122723,1.22147443112185,-0.143418331016825,1.85214648552924
0.755818705284118,0.57649825981221,1.22088578270357,-0.152500041845782,1.84530893728709
0.759906206455203,0.583684747434116,1.21995642142683,-0.16562161575822,1.83838770843808
0.763990449946608,0.590837783875,1.21880194730548,-0.17812758642325,1.83140082589112
0.768072258649684,0.597958557820672,1.2174345474294,-0.190007491554555,1.82432377424418
0.772152509877039,0.605048285411066,1.21593212219429,-0.201289573162452,1.81715701865627
0.776232198821542,0.61210838579894,1.2142242970022,-0.211963772740175,1.80990060531792
0.780312067905205,0.619139822566834,1.21233032791575,-0.222044689598819,1.80255033156572
0.784392824495484,0.6261439025172,1.21023520239434,-0.231543218128686,1.79510798547834
0.788465411213183,0.633104424465812,1.21122627724029,-0.240447954651503,1.78759515574103
0.792530976966251,0.640023114058923,1.21319947514648,-0.249974340207989,1.7800573400845
0.796590678415538,0.646901805305634,1.2149444981656,-0.25858251499907,1.77244882708997
0.800647214030517,0.653726383675409,1.21647147589835,-0.266485950467622,1.76490203351815
0.805152144770182,0.661290188851943,1.21778918002721,-0.273680717510626,1.75628233491758
0.809657088828182,0.668816061275636,1.21890192827112,-0.280165611988168,1.74756728935709
0.814162610731732,0.676304555716722,1.22001770840377,-0.286021100291572,1.7387576500079
0.818669422105118,0.68375646151943,1.22079828202051,-0.292035006105513,1.72985406279143
0.823178343381557,0.691172745866586,1.22136003107508,-0.296879324195306,1.72085678681201
0.827689925094239,0.698553897934705,1.22171755340648,-0.301057715302978,1.7117703491122
0.832204718682597,0.705900281994555,1.22223649537423,-0.30450184494833,1.70264673742676
0.836723253443887,0.713212469284547,1.22325123173324,-0.307093367482194,1.69343060799837
0.841245974603226,0.720490766335242,1.2240058312995,-0.308774481768875,1.68412257930118
0.845772932621881,0.727734811509255,1.2245086802042,-0.309925701338504,1.67472435339603
0.850304543333958,0.734944841325105,1.22483169530786,-0.30965848120464,1.66523676979028
0.854841184914593,0.742121020384408,1.22504480023374,-0.308485288945244,1.65566083159454
0.859383267907312,0.74924357507963,1.22502585006871,-0.306840084447472,1.64612065840623
0.864437232277002,0.757140993893131,1.2247979022228,-0.305953638207705,1.63528371277644
0.869500086834222,0.764998932553028,1.22449600887679,-0.304625364709449,1.62439160468722
0.874572055800458,0.772817239943917,1.22411174632677,-0.302500138094632,1.61339227069879
0.879652624480615,0.780594448261796,1.223366470511,-0.298542823510052,1.60228631382507
0.884742173753547,0.788330623035163,1.22239103051504,-0.293505992916457,1.59107257289847
0.889838133403718,0.796021530030871,1.22120064493491,-0.287088354831865,1.57977127538715
0.894930643992912,0.803651523006615,1.21978184552018,-0.279503403061023,1.56839695027536
0.90002087926662,0.811222133365489,1.21815367434316,-0.269322995037073,1.55694998269297
0.905109915011503,0.818713114715538,1.21632452906657,-0.257774802877491,1.54554805830387
0.910769230345772,0.827000981607094,1.2160528547098,-0.243000318416005,1.53265472026482
0.916435770836288,0.83522880236018,1.2226071701385,-0.236538419846195,1.5197107422126
0.922110002888579,0.84339673474743,1.22897616538795,-0.244873391031587,1.50666546033758
0.927792423966144,0.851504816738972,1.2351522674894,-0.253760386187029,1.49351663137758
0.933483953057916,0.859553873980735,1.24113448709358,-0.261715897077069,1.48026351707459
0.939179983478228,0.86753657902942,1.24692522903762,-0.268977331862448,1.46692058409926
0.944881467241873,0.875453734176195,1.25252613311122,-0.275543762534615,1.45348671635359
0.950589652550031,0.883283716127072,1.25793751236839,-0.281409921289877,1.44007305985647
0.95694208325789,0.891935596517244,1.26317354985147,-0.28750928553932,1.42500673342517
0.963307814634102,0.900513186237858,1.26822013722547,-0.292472525354295,1.4098232464252
0.969688327885283,0.909017505735726,1.27308030774602,-0.296700939877395,1.39452122378055
0.976084456896463,0.917448620149381,1.27775250333482,-0.300241843439783,1.37910387971174
0.982497096301162,0.925806586240215,1.28223869914454,-0.302933837268292,1.36359461477141
0.988926332749928,0.934090416946786,1.28653579644058,-0.304777437448391,1.34798899399288
0.995374085406535,0.942277621177805,1.29063747629296,-0.306118576031834,1.3323720235197
1.00255368573967,0.951306968499633,1.29454728644873,-0.307338269670481,1.31478798075867
1.00975324850259,0.960240248258812,1.29826283468028,-0.308933783791891,1.29707469062095
1.01697383026794,0.969077286944435,1.3017893198395,-0.309837742423478,1.2792547196705
1.02421740122264,0.977818822669488,1.30513841107073,-0.309874537018152,1.26138275555135
1.03148637223042,0.986063072716975,1.30830713040501,-0.308839746004027,1.24344033216955
1.03878355256562,0.992523355822891,1.31128959416605,-0.307068644792573,1.22532543275493
1.04608575252379,0.996789686802518,1.31409224964069,-0.304485366381986,1.20726165721576
1.05420332931011,1.00058968142572,1.31671699778627,-0.299873595730338,1.18701225092559
1.06232285308984,1.00336389417543,1.31916980366446,-0.2937821764794,1.16677629066948
1.07044118826054,1.00501838839214,1.32150029988057,-0.286299929460119,1.14652419739752
1.0785587252055,1.00617490655921,1.32404362319898,-0.277675466751777,1.12612258556348
1.08586501916182,1.00158771179749,1.32630297517537,-0.266487839976216,1.10784849166761
1.09317061981957,0.99764193146048,1.3283714130438,-0.251971006485721,1.0897003086128
1.10128768526087,0.994011497121084,1.33025034222871,-0.235916140080726,1.06939012478315
1.10940880158674,0.990053553805987,1.33194629204816,-0.218493841868993,1.04908482366917
1.11753608982347,0.986944843372925,1.33346303421224,-0.197602501062973,1.02863575396264
1.12485684854774,0.984015606448836,1.33480488330371,-0.175547358477565,1.01041737005642
1.1329952798173,0.978722284906711,1.33597678720166,-0.152632920570222,0.990037749345366
1.14112980942461,0.974520453383418,1.33717806813622,-0.129421392583787,0.969622830759205
1.14846229383479,0.97146688870463,1.33809164680478,-0.106418125849791,0.951438724293009
1.15661857150717,0.969538603623584,1.33881772130904,-0.0943992442862384,0.931088162825112
1.1647740192208,0.968626414856065,1.33936402256526,-0.105606762922597,0.910747478893543
1.17292912705152,0.968598049157856,1.33973587164236,-0.11647675087267,0.890437563740378
1.18108525293302,0.9685174556756,1.33993922708873,-0.127044976571881,0.870219838891808
1.18923142027269,0.968646388845767,1.33998192490513,-0.137264983849795,0.850046473326395
1.19736948709442,0.96947417114391,1.33986740794388,-0.147201934108786,0.829916666327656
1.20550123563289,0.971042712245703,1.33966596480068,-0.156811861870684,0.809878756271966
1.21362891820402,0.973646354487173,1.33937236597464,-0.166148133581776,0.789921947517693
1.22174818378821,0.976867749111319,1.33893263394349,-0.175170965554696,0.770025608728275
1.22985732677194,0.980439805379572,1.33902000071928,-0.183880712504288,0.750192722668059
1.23795623449305,0.984625260439524,1.33910119576721,-0.192287057623518,0.730438850404905
1.24603407576708,0.988878865087292,1.33912411753312,-0.201832920294927,0.710857296960909
1.2540893107396,0.992992780949444,1.33887049204,-0.210508620058342,0.691380462649493
1.26211851808835,0.997242265344479,1.33843875659935,-0.218845748110688,0.672019463745161
1.2701175367336,1.0009114153713,1.33783424948872,-0.227045035659659,0.65278644692407
1.27808656256802,1.00349166352183,1.33707358179193,-0.235004466792111,0.633873902705021
1.28689742352572,1.00517842855922,1.33615394982042,-0.242636490542634,0.612952081822927
1.29567765247046,1.00635282387553,1.33507118973167,-0.249936681257441,0.592181461939443
1.30441648879727,1.00678681885892,1.33383096410134,-0.25690910224953,0.571638572416592
1.31311534274104,1.00637480918557,1.33243417844988,-0.263556623425397,0.551314003274824
1.32176715493362,1.00583900277982,1.33098193040455,-0.277075564624825,0.531190616479302
1.33037258076702,1.00528460537945,1.32921233110459,-0.290211360132848,0.511310745883974
1.33892694979984,1.00471684471078,1.32733344037976,-0.302884227564887,0.491686635065731
1.34742871470385,1.00479772083414,1.32527311109259,-0.315113325274289,0.472283777816171
1.3558718796534,1.14903359495893,1.3271745747434,-0.326901748727668,0.453160744115751
1.36425179027433,1.14652705255143,1.32898226595044,-0.338240149478097,0.434325639997948
1.37256928008085,1.14395027576893,1.33062947892031,-0.349139019383935,0.41575504165239
1.38082554221092,1.14128728612066,1.33237696291968,-0.359600756124915,0.3976173611345
1.38993286515465,1.13856031133725,1.33384395494125,-0.369614215281698,0.377607218562427
1.39898726349172,1.13576752295435,1.33514695841265,-0.379180701990533,0.357915000874901
1.40798825209022,1.13291228281689,1.3362774513831,-0.388295767377709,0.338488364526249
1.41693552795262,1.12997562728486,1.33723985688839,-0.396956733097488,0.319373098022894
1.42583022563363,1.12697400660681,1.33803800511647,-0.405165294355241,0.300555697662966
1.43466787498404,1.12391237878107,1.33867769719161,-0.412924755160528,0.282041896819019
1.44345020727208,1.12078477377802,1.33916436257862,-0.420221732868433,0.263848469097763
1.45218139801274,1.11759478495865,1.34005606326619,-0.427060939669476,0.246067256761696
1.46182639454957,1.11434904559575,1.34123878028038,-0.43338987358978,0.22653807429088
1.47143617031437,1.11103787281935,1.34222709443099,-0.439229889837126,0.207313565146363
1.4810134933271,1.10765861008199,1.34302755178511,-0.444570144837132,0.188429997549891
1.4905690115844,1.10422894774094,1.34364972100742,-0.449362371183786,0.169832101355901
1.50009709924486,1.10074525654156,1.34423299941434,-0.453629291873394,0.151513498149161
1.50960470459179,1.09720142080833,1.3446563170635,-0.457354982252827,0.133464150183155
1.51909557649674,1.09359592578888,1.34490498166345,-0.460519963949371,0.115679993514424
1.52857000508523,1.08994431099101,1.34498060005163,-0.463170405973368,0.0981651653089239
1.53803162943945,1.08623477856365,1.34488686675793,-0.465379946107577,0.0809185695110278
1.54748511206274,1.08191024820706,1.3446271955241,-0.467658891895308,0.0640849667848919
1.55692791216845,1.07769800563189,1.34421242834534,-0.468863723748765,0.0476726306037192
1.56636352690065,1.07342646489034,1.34365351511854,-0.469300759321315,0.0315241561064315
1.57579189693774,1.06912629946558,1.34293798130645,-0.468974445006177,0.0156451588719646
1.58521663706819,1.06479370953904,1.34220187090263,-0.468412161251999,3.2304853129092e-05
1.59463210234462,1.06042560430187,1.3413301212784,-0.46832002362965,-0.0152997608515716
1.60404140513609,1.05604553838377,1.34031006435572,-0.468489011917894,-0.030351727608443
1.61345028348525,1.0509362711819,1.33918953004494,-0.468122414387452,-0.0416482924550726
1.62285436037909,1.04604794348711,1.33794516038299,-0.466280558900216,-0.0506232745166466
1.63225589831137,1.04117839245239,1.33656075676844,-0.463307717178384,-0.0593782798978689
1.64165983644325,1.03553401667554,1.33503910328695,-0.459519364906584,-0.0679281354383338
1.65107647457665,1.03019089363676,1.33344867575039,-0.453942552054834,-0.0758606372358261
1.66156109750761,1.02492850863097,1.33147154720595,-0.447510115338296,-0.084860774244683
1.67208711094972,1.01978525664367,1.32932995582306,-0.439742635412243,-0.0936059433166927
1.68266246608368,1.0147550143617,1.32702128679226,-0.430644158921721,-0.102112668308384
1.69328861050799,1.00986950643404,1.32455770627245,-0.420240159426025,-0.110361467827824
1.70397366824961,1.00514358630943,1.32193819112188,-0.408654060233706,-0.118372407466637
1.71472339520161,1.00059633845861,1.31915493989485,-0.395840419795661,-0.12614008274914
1.72554604379475,0.99542920473325,1.31620769402284,-0.382195919311426,-0.132607751439702
1.73644920561238,0.990856889576371,1.31310783874953,-0.390759494004171,-0.120839911483437
1.74743928173921,0.986570570671239,1.30986361209039,-0.398904627142669,-0.108923422161521
1.75851545575342,0.981797135715695,1.3064574840197,-0.406634236665714,-0.0950031425175435
1.76968977223932,0.977822574316973,1.30288778707588,-0.413960953329744,-0.081575201775747
1.78097102296629,0.973543928005859,1.29915343022525,-0.420867124849935,-0.0660087216742167
1.79236286497191,0.970293014512452,1.29526986868974,-0.427348059071711,-0.0514227844431266
1.80387359833399,0.967593103698102,1.29123585110371,-0.433387856716249,-0.0373065494774343
1.81550883071215,0.963544805812597,1.28708483955353,-0.439900260265302,-0.0237535391132002
1.82858517263036,0.958938670124576,1.28223896798247,-0.445520663192729,-0.0109631345679403
1.84182736940755,0.955311029633918,1.27719591781255,-0.450560972763907,0.000980076761195325
1.85524459424779,0.952638893844818,1.2719631235224,-0.455028694509776,0.0120602166286531
1.86884471133409,0.950883441035337,1.26654711549673,-0.458901504449127,0.0221541562699993
1.88263913192729,0.950037101292754,1.26093171927672,-0.462198294613346,0.0311749870361918
1.89663875415656,0.949877276839031,1.25512126350432,-0.464859861767269,0.0406013727679398
1.91086080938662,0.950218660543453,1.24913848345881,-0.467071443526991,0.047692634729167
1.9253154234637,0.950495205118438,1.24295829754751,-0.468797207725755,0.0532324956306703
1.94000706913754,0.951693786841897,1.23659118990361,-0.469849150200696,0.0586855046653318
1.95493844799713,0.953528665590683,1.23006800381512,-0.472048987799369,0.0671457963158403
1.97011734226854,0.956022640424911,1.2233731419201,-0.474144085013602,0.0741084799065827
1.98555942397741,0.959630906709507,1.21649994720156,-0.475779659254041,0.0780280804209802
2.00126467064134,0.963868889806387,1.2094781001256,-0.476933152692403,0.0793770621525027
2.01723638090146,0.96847546803387,1.20229168765564,-0.477332815359047,0.0788008630060774
2.03349925482303,0.973858211172123,1.19498399527347,-0.477259603221691,0.0788049505365177
2.05190510360623,0.97998588391602,1.18667409554141,-0.475877819684204,0.0764453936637818
2.07066607965695,0.985908666066726,1.17821253488069,-0.473491758446498,0.0721174260852246
2.08978053268133,0.992106186998644,1.16962957221587,-0.470501641592597,0.0644768509758768
2.10925617255415,0.997577988378508,1.16094017721787,-0.466837789015764,0.0552001475635189
2.12910380269085,1.00268383026538,1.15215485392659,-0.462200405399458,0.0435722676376595
2.14932109062322,1.00557294011841,1.14330610295856,-0.456617357805658,0.0318614137452577
2.16990870890313,1.00735323749922,1.13444058820555,-0.450332471930794,0.0210184053245301
2.19316676866747,1.0083966902643,1.12455318177571,-0.441862813502985,0.0114501479606583
2.21683564667858,1.00798991787903,1.11468894710132,-0.432219007758387,0.00361593452496083
2.24091869890497,1.00462033139829,1.10493662094537,-0.421758964669265,-0.000500133034414227
2.26813385726608,0.999955816833939,1.09420166075015,-0.408566197812101,-0.00310474612975527
2.29583524271538,0.995503043730078,1.083652066036,-0.394142873847796,-0.00397420477657043
2.32403330165056,0.991264735423349,1.07334559998592,-0.378565117124022,-0.00284003972546563
2.35273630993842,0.986489197517505,1.0633447350538,-0.362015499241607,-0.107094781677481
2.38519066469862,0.982394266920496,1.052583690346,-0.342421746806086,-0.0949218194636809
2.41829811097948,0.978643330029578,1.04225623078581,-0.32182494478483,-0.0826615056030218
2.45209503576754,0.975257450069211,1.03240838689704,-0.30038577466681,-0.0703892356281209
2.48659353515027,0.971606382297807,1.02311764083506,-0.278352909447298,-0.0562590670424991
2.52560457472576,0.968842705066017,1.01347064772281,-0.253128570548182,-0.0432329195152127
2.56530488587442,0.966295364338686,1.00491684471588,-0.22768722931131,-0.0305871916887186
2.60571414359084,0.961514868128164,0.999956885862668,-0.202251741958633,-0.0185112268721339
2.64669885140243,0.95753788816336,0.99557754750414,-0.177065829617825,-0.00712740105957647
2.68833959924189,0.954385783258627,0.991752769687648,-0.152371868655801,0.00351097048024222
2.73060450002579,0.952040436850334,0.988486105371125,-0.128473562426221,0.0134250447116779
2.77355855695491,0.950482273779297,0.985766209560386,-0.105455064467297,0.0224680148760486
2.81724537705517,0.949482239797965,0.983676445467373,-0.0836924427512058,0.0323353519945561
2.86654661485046,0.949447040829592,0.981935890810939,-0.0609405666791352,0.0402031179734775
2.91672215389542,0.949065088052344,0.981984965198096,-0.0399230047435532,0.0468073631886317
2.96767337399791,0.949060865475958,0.983096884603743,-0.0209144389974317,0.0534437462337413
3.02517492952281,0.950074050524485,0.984663480500494,-0.00320048252407237,0.0588029775650099
3.08366284629294,0.951768404677943,0.986824227991255,0.00696865441857835,0.0675737665435075
3.14294802081145,0.954278378458053,0.98922816945047,0.0153753220116828,0.0740011893983699
3.20302961709988,0.957452154401223,0.992153631022202,0.0220030649222597,0.0786796290575729
3.27059596612367,0.961726235004081,0.995007562529283,0.0277799260880589,0.0803794924455511
3.33905293424069,0.966439959006749,0.998312322869328,0.0310194966784909,0.0804257873748332
3.41609508894886,0.972007425859881,1.001385523207,0.0297823914538136,0.0807310998927168
3.49428382849713,0.977666341060791,1.00472057270922,0.0261295790819566,0.079164673748788
3.58243450741702,0.983867843368307,1.00796481863699,0.0203373599529944,0.0751712409419325
3.68219130419179,0.990439791619789,1.01034425812718,0.0143645721096207,0.0676323538467421
3.78376580730122,0.996232273707951,1.01252296277642,0.00735947103638428,0.0582254511367051
3.89872158885349,1.00166368504804,1.01367879237478,0.00100961936365186,0.0464763495388228
4.01721106914971,1.00489105658525,1.01505583087038,-0.00428467439466896,0.0343220932604493
4.13737601288909,1.00692572163019,1.015693715478,-0.00830884034396907,0.022824904752115
4.26003833311031,1.00811561676146,1.01547000577386,-0.0111001172185884,0.0127735114260237
4.38572546662259,1.00775329714049,1.01538391909503,-0.0125509569377938,0.00450784537629608
4.51511650068494,1.00683746127415,1.01477458844449,-0.0146245299222578,0.000138131779894139
4.64906534972881,1.00583823616599,1.01353220833528,-0.0150017271025066,-0.00276830763739946
4.7883640503967,1.00487567647657,1.01189658145983,-0.0147493929453572,-0.00348682567715969
4.93423940661507,1.00488000540217,1.00999586599903,-0.0137804055743029,-0.00344358684101998
